Source_ID,Nombre del Producto o Servicio,Precio,Descripci√≥n,Beneficios,Categor√≠a para Blog,Categor√≠a Interna / Subcategor√≠a,Etiqueta,Forma de pago,Link Video,Servicios Incluidos (Ejemplo base)
1,P√°gina Web - Tu Negocio 24/7 - P√°gina Web,500,"La P√°gina Web de Marca es un sitio dise√±ado espec√≠ficamente para reflejar la esencia de tu marca, ofreciendo una experiencia visual y funcional √∫nica. Este servicio es perfecto para emprendedores y negocios que buscan diferenciarse en el entorno digital. Incluye:\n\nDise√±o web PREMIUM: Enfocado en la experiencia de usuario (UX), asegurando una navegaci√≥n intuitiva y agradable.\nHasta 5 secciones personalizadas: Inicio, Nosotros, Servicios, Galer√≠a/Portafolio, Contacto.\nIntegraci√≥n de redes sociales: Con botones interactivos para facilitar la interacci√≥n con tus seguidores.\nGaler√≠a de im√°genes: Optimizada para una carga r√°pida, mejorando la experiencia del usuario.\nBlog o secci√≥n de noticias: Para actualizaciones de contenido y mantener a tu audiencia informada.\nFormulario de contacto anti-SPAM: Para facilitar la comunicaci√≥n y evitar correos no deseados.\nDise√±o web 100% adaptable (responsive): Para m√≥viles, tablets y desktops, asegurando una experiencia √≥ptima en cualquier dispositivo.\nCertificado de seguridad SSL: Para proteger los datos de tus usuarios y garantizar una navegaci√≥n segura.\nOptimizaci√≥n b√°sica de SEO: Indexaci√≥n en buscadores como Google, mejorando la visibilidad de tu sitio.\nIntegraci√≥n con Google Analytics: Para monitorear el tr√°fico y el comportamiento de los visitantes, permitiendo tomar decisiones basadas en datos.\nDominio y hosting durante el primer a√±o: www.tumarca.com.\nEsta soluci√≥n te permitir√° establecer una presencia profesional y destacar entre la competencia.","Beneficios:\nPresencia Profesional: Un dise√±o web premium que refleja la esencia de tu marca, ayud√°ndote a establecer una presencia profesional en el entorno digital.\nExperiencia de Usuario Mejorada: Dise√±o enfocado en la experiencia de usuario (UX), asegurando una navegaci√≥n intuitiva y agradable.\nPersonalizaci√≥n: Hasta 5 secciones personalizadas que se adaptan a las necesidades espec√≠ficas de tu negocio.\nInteracci√≥n Social: Integraci√≥n de redes sociales con botones interactivos, facilitando la interacci√≥n con tus seguidores.\nOptimizaci√≥n de Im√°genes: Galer√≠a de im√°genes optimizada para una carga r√°pida, mejorando la experiencia del usuario.\nActualizaciones de Contenido: Blog o secci√≥n de noticias para mantener a tu audiencia informada y atraer tr√°fico org√°nico.\nComunicaci√≥n Segura: Formulario de contacto anti-SPAM para facilitar la comunicaci√≥n y evitar correos no deseados.\nAdaptabilidad: Dise√±o web 100% adaptable (responsive) para m√≥viles, tablets y desktops, asegurando una experiencia √≥ptima en cualquier dispositivo.\nSeguridad: Certificado de seguridad SSL para proteger los datos de tus usuarios y garantizar una navegaci√≥n segura.\nVisibilidad en Buscadores: Optimizaci√≥n b√°sica de SEO para mejorar la visibilidad de tu sitio en buscadores como Google.\nAn√°lisis de Tr√°fico: Integraci√≥n con Google Analytics para monitorear el tr√°fico y el comportamiento de los visitantes, permitiendo tomar decisiones basadas en datos.\nDominio y Hosting Incluidos: Dominio y hosting durante el primer a√±o, facilitando el lanzamiento de tu sitio web.\nEsta soluci√≥n integral te permitir√° diferenciarte en el entorno digital y establecer una presencia profesional que atraiga y retenga a tus clientes.",Posicionamiento y Dise√±o Web,El Donde,"web marca, p√°gina marca, sitio web marca, dise√±o web marca, presencia online, branding web, imagen de marca online",Pago √∫nico,https://www.youtube.com/watch?v=eZ0RdctKkh0,
2,P√°gina Web -Tu Empresa Online + Chatbot,700,"La P√°gina Web de Empresa es ideal para negocios que necesitan una plataforma s√≥lida, escalable y profesional que represente su actividad de manera integral. Este servicio incluye:\n\nDesarrollo Web PREMIUM: Con enfoque en dise√±o corporativo y experiencia de usuario (UX/UI).\nHasta 20 p√°ginas estrat√©gicas: Inicio, Servicios o Productos (listado de una p√°gina individual cada uno con una p√°gina independiente destacando una frase o palabras clave, descripciones, rese√±as, caracter√≠sticas, etc.), Blog, Pol√≠ticas.\nCapacidad multiling√ºe: (ES/ENG). \nSecci√≥n de equipo o valores empresariales: Destacando la identidad y misi√≥n de tu negocio.\nFormulario de contacto avanzado anti-SPAM: Con campos personalizados para facilitar la comunicaci√≥n.\nBlog o secci√≥n de noticias corporativas: Para dinamizar el contenido y mantener a tu audiencia informada.\nIntegraci√≥n de herramientas empresariales: Google Maps, Google Analytics y CRM b√°sico.\nOptimizaci√≥n avanzada para SEO b√°sico: Indexaci√≥n en buscadores y configuraci√≥n inicial de palabras clave.\nCertificado SSL: Para garantizar la seguridad de los usuarios.\nDise√±o web adaptable (responsive): Para todos los dispositivos.\nIntegraci√≥n con redes sociales: Para interacci√≥n directa con tus clientes.\nBot√≥n flotante de WhatsApp (opcional): Para consultas instant√°neas.\nDominio y hosting durante el primer a√±o: www.tuempresa.com. \nCon este sitio, tu empresa tendr√° una plataforma moderna, funcional y lista para crecer junto con tus objetivos comerciales.","Plataforma S√≥lida y Profesional: Una plataforma robusta y escalable que representa tu actividad empresarial de manera integral.\nDise√±o Corporativo y UX/UI: Desarrollo web PREMIUM enfocado en dise√±o corporativo y experiencia de usuario, asegurando una navegaci√≥n intuitiva y agradable.\nSecciones Estrat√©gicas: Hasta 7 secciones estrat√©gicas que cubren todos los aspectos importantes de tu negocio.\nIdentidad y Misi√≥n: Secci√≥n de equipo o valores empresariales que destaca la identidad y misi√≥n de tu negocio.\nComunicaci√≥n Segura: Formulario de contacto avanzado anti-SPAM con campos personalizados para facilitar la comunicaci√≥n y evitar correos no deseados.\nContenido Din√°mico: Blog o secci√≥n de noticias corporativas para mantener a tu audiencia informada y atraer tr√°fico org√°nico.\nHerramientas Empresariales: Integraci√≥n de herramientas empresariales como Google Maps, Google Analytics y CRM b√°sico para mejorar la funcionalidad del sitio.\nOptimizaci√≥n SEO: Optimizaci√≥n avanzada para SEO b√°sico, incluyendo indexaci√≥n en buscadores y configuraci√≥n inicial de palabras clave.\nSeguridad: Certificado SSL para garantizar la seguridad de los usuarios y una navegaci√≥n segura.\nAdaptabilidad: Dise√±o web adaptable (responsive) para todos los dispositivos, asegurando una experiencia √≥ptima en cualquier dispositivo.\nInteracci√≥n Social: Integraci√≥n con redes sociales para interacci√≥n directa con tus clientes.\nConsultas Instant√°neas: Bot√≥n flotante de WhatsApp (opcional) para consultas instant√°neas.\nDominio y Hosting Incluidos: Dominio y hosting durante el primer a√±o, facilitando el lanzamiento de tu sitio web.\nEsta soluci√≥n integral te permitir√° tener una plataforma moderna, funcional y lista para crecer junto con tus objetivos comerciales, mejorando la presencia y la eficiencia de tu negocio en el entorno digital.",Posicionamiento y Dise√±o Web,El Donde,"web empresa, p√°gina empresa, sitio web empresa, dise√±o web empresa, web corporativa, presencia online empresa, web profesional",Pago √∫nico,https://www.youtube.com/watch?v=VPmwINpJ_qo,
3,Ecommerce - Tu Sucursal Online - Sitio web + Chatbot,950,"El E-commerce (hasta 40 productos) es una soluci√≥n completa y profesional para emprendedores y empresas que buscan un sistema de ventas en l√≠nea moderno, seguro y optimizado. Este servicio incluye:\n\nDesarrollo Web PREMIUM: Basado en experiencia de usuario (UX).\nSitio web con hasta 7 secciones: Inicio, Tienda (hasta 40 productos, cada uno con una p√°gina independiente destacando una frase o palabras clave, descripciones, rese√±as, caracter√≠sticas, etc.), Blog, Pol√≠ticas.\nCapacidad multiling√ºe: (ES/ENG).\nIncorporaci√≥n inicial de hasta 40 productos: Ampliable seg√∫n necesidades.\nBuscador de productos en tiempo real.\nCarrito de compras: Con experiencia optimizada para el usuario.\nIntegraci√≥n de botones de pago: Para tarjetas de cr√©dito/d√©bito y PayPal.\nCapacitaci√≥n personalizada: Para la gesti√≥n de inventario y administraci√≥n de la plataforma.\nDise√±o web 100% adaptable (responsive): Para m√≥viles, tablets y desktops.\nMapa interactivo de geolocalizaci√≥n.\nFormularios de contacto anti-SPAM: (protecci√≥n avanzada).\nGaler√≠a de im√°genes de alta calidad.\nIntegraci√≥n completa con redes sociales y herramientas de anal√≠tica: (Google Analytics).\nBot√≥n flotante de WhatsApp: Para comunicaci√≥n directa (opcional).\nConfiguraci√≥n del Pixel de Facebook: Para seguimiento de campa√±as publicitarias.\nCore de desarrollo optimizado para SEO b√°sico: (indexaci√≥n en buscadores).\nOptimizaci√≥n de rendimiento: Velocidad de carga, t√©cnicas de caching, y reducci√≥n de tiempos de respuesta.\nMedidas avanzadas de seguridad: Protecci√≥n anti-hacking, anti-spam y monitoreo.\nCertificado SSL: Para transacciones seguras.","Beneficios Adicionales:\nProductos Bien Organizados: Ofrece a tus clientes una tienda virtual con productos bien organizados y f√°cilmente navegables.\nExperiencia de Compra Fluida: Proporciona una experiencia de compra fluida y sin complicaciones, mejorando la satisfacci√≥n del cliente.\nAcceso Global: Atrae a clientes de todo el mundo con una plataforma multiling√ºe y adaptable a diferentes dispositivos.\nGesti√≥n Eficiente del Inventario: Facilita la gesti√≥n eficiente del inventario y la administraci√≥n de la plataforma con capacitaci√≥n personalizada.\nInteracci√≥n Directa con Clientes: Permite una comunicaci√≥n directa y efectiva con tus clientes a trav√©s de WhatsApp y formularios de contacto.\nAn√°lisis y Mejora Continua: Utiliza herramientas de anal√≠tica para monitorear el rendimiento de tu tienda y realizar mejoras continuas.\nSeguridad y Confianza: Ofrece a tus clientes una experiencia de compra segura y confiable con medidas avanzadas de seguridad y certificado SSL.\nEstos beneficios adicionales aseguran que tu tienda en l√≠nea no solo sea funcional y atractiva, sino que tambi√©n ofrezca una experiencia de usuario excepcional, facilitando el crecimiento y √©xito de tu negocio.",Posicionamiento y Dise√±o Web,El Donde,"ecommerce, tienda online, tienda virtual, tienda web, venta online, comercio electr√≥nico, tienda 40 productos, vender online",Pago √∫nico,https://www.youtube.com/watch?v=7q2l_6KsP6k,
4,P√°gina Web - Tu Contacto Profesional - Tarjeta Digital Profesional,150,"P√°gina web minimalista dise√±ada como tarjeta digital para el primer contacto con clientes, prospectos y audiencia. Transmite una imagen profesional y brinda informaci√≥n clara y concreta, evitando sobrecargar al receptor. Incluye: Informaci√≥n de contacto b√°sica, enlaces a redes sociales, bot√≥n de guardar contacto, formulario de contacto y dominio personalizado (ej: www.NOMBRE.COM).","P√°gina web minimalista y profesional: Una soluci√≥n r√°pida y efectiva para presentar tu marca de manera digital. Dise√±o intuitivo y adaptable a dispositivos m√≥viles, con dominio personalizado incluido. Ideal para networking y presentaci√≥n b√°sica de tu negocio. No requiere mantenimiento complejo y ofrece una experiencia de usuario optimizada.",Posicionamiento y Dise√±o Web,El Donde,"tarjeta digital, tarjeta virtual, vcard digital, link personal, contacto digital, presentaci√≥n digital, tarjeta digital marca",Pago anual,https://www.youtube.com/watch?v=gsE4ztfG21M,Incluye dominio enloja.com
5,P√°gina Web - Tarjeta Digital,60,"La Tarjeta Digital Gen√©rica es el primer contacto que tendr√°n tus clientes, prospectos y audiencia contigo o tu empresa. Dise√±ada para transmitir una imagen profesional y brindar informaci√≥n clara y concreta, evita sobrecargar al receptor para lograr un impacto inmediato. Este servicio incluye:\n\nInformaci√≥n de contacto b√°sica: Datos esenciales para que tus clientes puedan comunicarse contigo f√°cilmente.\nEnlaces a redes sociales: Facilita la conexi√≥n con tus perfiles en redes sociales.\nBot√≥n de guardar contacto: Permite a tus clientes guardar tu informaci√≥n de contacto de manera r√°pida y sencilla.\nFormulario de contacto: Una forma directa para que tus clientes se comuniquen contigo.\nDominio personalizado: Un dominio √∫nico para tu tarjeta digital, como www.mitarjetadigital.me/NOMBRE.","P√°gina web simple y funcional: Facilita el primer contacto con clientes y prospectos. Dise√±o profesional, adaptable a dispositivos m√≥viles, y dominio personalizado incluido. Ideal para presentaci√≥n b√°sica de tu negocio o marca personal. No requiere mantenimiento complejo y ofrece una experiencia de usuario optimizada.",Posicionamiento y Dise√±o Web,El Donde,"tarjeta digital, tarjeta virtual, vcard digital, link personal, contacto digital, presentaci√≥n digital, tarjeta digital contacto",Pago anual,https://www.youtube.com/watch?v=gsE4ztfG21M,
6,Estudios - Estrategia Ganar Clientes - Planificaci√≥n Estrat√©gica de Marketing,1550,"Es una soluci√≥n integral que avarca un estudio de palabras claves y estrategia de posicionamiento de art√≠culos, un estudio de la competencia y una consultor√≠a del negocio...¬øCansado de ver c√≥mo tu negocio se queda atr√°s mientras la competencia avanza? En el entorno digital actual, no basta con tener una presencia online b√°sica. Necesitas una estrategia clara, basada en datos, que te permita atraer clientes de calidad, aumentar tu visibilidad y superar a tu competencia. Nuestro Plan de Marketing Digital te proporciona la hoja de ruta completa para transformar tu presencia online y convertirte en la empresa de referencia en tu sector.\n\nComponentes:\n\nAn√°lisis Exhaustivo de Mercado y Competencia:\n\nInvestigaci√≥n profunda de tu mercado objetivo, identificando tendencias, necesidades y oportunidades de crecimiento.\n\nAn√°lisis FODA de tu empresa, destacando fortalezas, debilidades, oportunidades y amenazas.\n\nAn√°lisis detallado de la presencia online de tus principales competidores, incluyendo palabras clave, estrategias de contenido y redes sociales.\n\nDefinici√≥n de tu Propuesta de Valor √önica (USP):\n\nMetodolog√≠a colaborativa para identificar los elementos que hacen √∫nica a tu empresa (entrevistas, an√°lisis de la competencia, feedback de clientes).\n\nCreaci√≥n de un mensaje claro y conciso que comunique tu USP a tu p√∫blico objetivo.\n\nEstrategia de Posicionamiento Local (SEO):\n\nIdentificaci√≥n de palabras clave relevantes para tu nicho y tu √°rea geogr√°fica (hasta 2000 palabras clave analizadas con herramientas profesionales).\n\nEstrategia de creaci√≥n de contenido optimizado para SEO, incluyendo art√≠culos, posts para redes sociales y videos (ideas concretas para temas a tratar).\n\nAn√°lisis de la intenci√≥n de b√∫squeda de los usuarios para crear contenido que responda a sus preguntas y necesidades.\n\nPlan de Acci√≥n para Promoci√≥n y Publicidad (Redes Sociales y Contenido):\n\nEstrategia de marketing de contenidos personalizada para tu empresa, con calendario editorial y sugerencias de temas relevantes.\n\nOptimizaci√≥n de tus perfiles en redes sociales para atraer a tu p√∫blico objetivo.\n\nGu√≠a detallada para la creaci√≥n de contenido atractivo y efectivo (tips de redacci√≥n persuasiva, formatos de contenido, etc.).\n\nAsesoramiento en la estructura del posteo con ""copy"" y contenido multimedia.\n\nConsultor√≠a Personalizada (3 Sesiones):\n\nSesi√≥n 1: Entrevista inicial para comprender tus objetivos, tu p√∫blico objetivo y tu situaci√≥n actual.\n\nSesi√≥n 2: Revisi√≥n del borrador del plan y discusi√≥n de ajustes y mejoras.\n\nSesi√≥n 3: Presentaci√≥n del plan final y resoluci√≥n de dudas (presencial u online).\n\nPresupuesto y Sistema de Seguimiento:\n\nElaboraci√≥n de un presupuesto de marketing realista y adaptado a tus necesidades (estimaci√≥n de costos, no incluye inversi√≥n en pauta publicitaria).\n\nDefinici√≥n de m√©tricas clave (KPIs) para medir el √©xito de tus campa√±as y realizar un seguimiento continuo (ej. tr√°fico web, leads, conversiones).\n\nHerramientas y plantillas para monitorizar el progreso y analizar los resultados.\n\nSugerencias de Branding (Textos y Colores):\n\nAn√°lisis de tu identidad visual actual y sugerencias para mejorar la coherencia y el atractivo de tu marca.\n\nGu√≠a de estilo con tipograf√≠as, paleta de colores y elementos visuales que reflejen tu USP. Se entrega un manual de estilo de branding.\n\nAn√°lisis de tono de la marca.\n\nGarant√≠a de Satisfacci√≥n y Soporte Continuo:\n\nEstamos tan seguros de que nuestro Plan de Marketing Digital te ayudar√° a transformar tu negocio que te ofrecemos una sesi√≥n de seguimiento a los 3 meses para analizar tus resultados y reajustar la estrategia, si es necesario. Esta sesi√≥n es presencial o remota seg√∫n se requiera. La retroalimentaci√≥n se realiza a trav√©s de llamada en los horarios de la empresa. Queremos que tengas √©xito y estamos comprometidos a ayudarte en cada paso del camino.","Beneficios:\r\n\r\nVisi√≥n Clara y Estrat√©gica: Obt√©n una comprensi√≥n profunda de tu mercado, competencia y p√∫blico objetivo para tomar decisiones informadas y estrat√©gicas.\r\n\r\nVentaja Competitiva: Diferencia tu marca y destaca en el mercado con una propuesta de valor √∫nica y una estrategia de posicionamiento s√≥lida.\r\n\r\nAtracci√≥n de Clientes Cualificados: Atrae el tipo de clientes que realmente necesitas, optimizando tu inversi√≥n y aumentando tus ventas.\r\n\r\nMaximizaci√≥n del ROI: Optimiza tus recursos y maximiza el retorno de la inversi√≥n con un presupuesto de marketing eficiente y un sistema de seguimiento preciso.\r\n\r\nImplementaci√≥n Efectiva: Recibe un plan pr√°ctico y detallado, listo para ser implementado por tu equipo o por un community manager.\r\n\r\nConfianza en tus Decisiones: Toma el control de tu marketing digital y toma decisiones informadas y estrat√©gicas, con el respaldo de datos precisos y un plan s√≥lido.\r\n\r\nCrecimiento Sostenible: Impulsa el crecimiento de tu negocio a largo plazo, construyendo una base s√≥lida y adaptable a los cambios del mercado.\r\n\r\nManual de Estilo de Branding: Definici√≥n de tu nuevo manual de estilo con los detalles t√©cnicos m√°s importantes para generar recordaci√≥n de tu marca.",An√°lisis Estrat√©gico y Estudios de Mercado,El porque,"plan marketing, estrategia marketing, plan digital marketing, consultor√≠a marketing, plan estrat√©gico, plan de negocio marketing",Pago √∫nico,https://www.youtube.com/shorts/vQNM7EWIYKo,
7,Estudios - Plan para Salir en Google - Estudio de palabras clave + Estrategia de Posicionamiento + Levantamiento de Informaci√≥n,1300,"¬øTe frustra ver que tu sitio web no aparece en los primeros resultados de Google? ¬øSientes que est√°s invirtiendo tiempo y esfuerzo en crear contenido que nadie encuentra? La clave para atraer tr√°fico cualificado y dominar tu nicho est√° en las palabras clave correctas. Nuestro Estudio de Palabras Clave te revela las ""palabras m√°gicas"" que utilizan tus clientes potenciales para encontrar negocios como el tuyo, atrayendo a las personas adecuadas a tu sitio web.\r\n\r\nCon este estudio, dejar√°s de adivinar y comenzar√°s a:\r\n\r\nConocer el Lenguaje de tus Clientes: Descubre las palabras y frases exactas que tus clientes potenciales utilizan en Google para buscar productos y servicios como los tuyos.\r\n\r\nSuperar a tu Competencia: Analiza las palabras clave que utilizan tus competidores y encuentra oportunidades para posicionarte por encima de ellos.\r\n\r\nCrear Contenido que Atrae: Aprende a utilizar las palabras clave de forma estrat√©gica en tu sitio web y en tus publicaciones para atraer tanto a Google como a tus clientes.\r\n\r\nConstruir tu Autoridad Online: Posiciona tu sitio web como una referencia en tu sector, convirti√©ndote en el experto al que todos recurren.\r\n\r\nDejar de Perder Clientes Potenciales: Atraer a las personas que ya est√°n buscando lo que ofreces, aumentando tus oportunidades de venta.\r\n\r\nComponentes del Estudio:\r\n\r\nAn√°lisis Exhaustivo de Palabras Clave:\r\n\r\nIdentificaci√≥n de las palabras clave m√°s relevantes y de alto volumen de b√∫squeda en tu nicho espec√≠fico (hasta 2000 palabras clave).\r\n\r\nUtilizaci√≥n de herramientas profesionales de investigaci√≥n de palabras clave (como SEMrush) para obtener datos precisos y actualizados.\r\n\r\nAn√°lisis de la intenci√≥n de b√∫squeda de los usuarios para comprender qu√© buscan realmente tus clientes potenciales.\r\n\r\nAn√°lisis de la Competencia (Espec√≠fico):\r\n\r\nEvaluaci√≥n de las palabras clave utilizadas por tus competidores para identificar oportunidades de mejora y estrategias efectivas.\r\n\r\nAn√°lisis de la brecha de palabras clave (keyword gap) para identificar t√©rminos que tus competidores est√°n utilizando y que t√∫ est√°s perdiendo.\r\n\r\nEntrega de Lista Organizada y Estrat√©gica:\r\n\r\nPresentaci√≥n de un archivo Excel con las palabras clave categorizadas y filtradas para su uso diario.\r\n\r\nClasificaci√≥n de las palabras clave por relevancia, volumen de b√∫squeda y dificultad de posicionamiento.\r\n\r\nIdentificaci√≥n de palabras clave principales (para p√°ginas de destino) y secundarias (para contenido de blog y redes sociales).\r\n\r\nGu√≠a para la Creaci√≥n de Contenido Optimizado:\r\n\r\nRecomendaciones detalladas para optimizar los elementos on-page de tu sitio web (t√≠tulos, meta descripciones, encabezados y contenido).\r\n\r\nGu√≠as para la creaci√≥n de contenido de alta calidad y optimizado para SEO que atraiga y retenga a tu audiencia.\r\n\r\nEstructura recomendada para art√≠culos de blog y p√°ginas de destino.\r\n\r\nT√©cnicas de redacci√≥n persuasiva y copy SEO.\r\n\r\nEstrategia de Posicionamiento Personalizada:\r\n\r\n* Desarrollo de una estrategia de posicionamiento integral con las palabras clave principales de tu empresa mediante la creaci√≥n de art√≠culos clusters y pilares. Este plan incluir√° la estructura completa de los art√≠culos, la interconexi√≥n entre ellos y la optimizaci√≥n para motores de b√∫squeda.",Deja de Perder Clientes: Atrae a los clientes que te est√°n buscando pero no te encuentran.\r\n\r\nAumenta tus Ventas y tus Ingresos: M√°s visibilidad significa m√°s clientes y m√°s ganancias para tu negocio.\r\n\r\nSupera a tu Competencia: Posici√≥nate por encima de tus rivales y domina tu mercado.\r\n\r\nObt√©n un Retorno Real de tu Inversi√≥n: Asegura que tu inversi√≥n en marketing digital genere resultados concretos.\r\n\r\nSimplifica tu Estrategia de Marketing: Te damos las herramientas para que atraigas clientes de forma m√°s efectiva.\r\n\r\nImplementaci√≥n de Estrategias: El manual servir√° como gu√≠a para la implementaci√≥n de estrategias de marketing recomendadas.\r\n\r\nSeguimiento continuo: Recomendaremos m√©todos para monitorear el desempe√±o de las palabras clave y las estrategias implementadas\r\n\r\nInformes de Rendimiento: Proporcionaremos plantillas para informes peri√≥dicos que detallen el rendimiento de las palabras clave y el progreso hacia los objetivos de posicionamiento,An√°lisis Estrat√©gico y Estudios de Mercado,El porque,"estudio keywords, keywords research, palabras clave SEO, investigaci√≥n palabras clave, keywords para SEO, palabras clave para negocio",Pago √∫nico,https://www.youtube.com/shorts/qApjhAxNUv8,
8,Estudios - An√°lisis de la Competencia - Levantamiento de informaci√≥n,600,"¬øTe preocupa que tus competidores te est√©n robando clientes online? ¬øSientes que est√°s perdiendo oportunidades por no saber qu√© est√°n haciendo los dem√°s? En el mundo digital, no basta con tener una buena idea. Necesitas saber qu√© est√°n haciendo tus competidores y c√≥mo superarlos. Nuestro Estudio de la Competencia te da la visi√≥n clara que necesitas para dominar el juego online y dejar a tus competidores en el retrovisor.\r\n\r\nImagina poder:\r\n\r\nAnticiparte a sus Movimientos: Descubrir qu√© estrategias est√°n funcionando para tus competidores y qu√© nuevas t√°cticas est√°n probando.\r\n\r\nIdentificar sus Puntos D√©biles: Encontrar las √°reas donde tus competidores est√°n fallando y aprovecharlas para atraer a sus clientes.\r\n\r\nCrear una Estrategia Imbatible: Desarrollar una estrategia de marketing digital que te permita superar a tus competidores y captar la atenci√≥n de tu p√∫blico objetivo.\r\n\r\nDejar de Sentirte Perdido: Tener la confianza de que est√°s tomando las decisiones correctas para hacer crecer tu negocio online.\r\n\r\nNuestro an√°lisis se enfoca en el mundo digital, donde analizaremos:\r\n\r\nRadiograf√≠a del Mercado Digital:\r\n\r\nIdentificaremos las tendencias online que est√°n marcando tu sector y las nuevas oportunidades que est√°n surgiendo.\r\n\r\nSegmentaremos a tu p√∫blico objetivo para que puedas crear campa√±as de marketing online que les hablen directamente a ellos.\r\n\r\nEspionaje Estrat√©gico de tus Competidores:\r\n\r\nRevelaremos qui√©nes son tus competidores m√°s importantes en el mundo digital (no solo los que conoces).\r\n\r\nAnalizaremos sus sitios web, redes sociales, campa√±as de publicidad online, estrategias de contenido y mucho m√°s.\r\n\r\nAnalizaremos el SEO local.\r\n\r\nBenchmarking Digital a Fondo:\r\n\r\nCompararemos tu presencia online con la de tus competidores para identificar d√≥nde te est√°s quedando atr√°s y d√≥nde puedes destacar.\r\n\r\nRecomendaciones Claras y Accionables:\r\n\r\nTe daremos un plan de acci√≥n con pasos espec√≠ficos para que puedas diferenciarte de la competencia y atraer m√°s clientes online.\r\n\r\nTe mostraremos c√≥mo puedes mejorar tu sitio web, tus redes sociales, tu contenido y tus campa√±as de publicidad online para superar a tus competidores.","Deja de Sentirte Inseguro: Toma decisiones de marketing online con confianza, sabiendo que est√°s basado en datos s√≥lidos sobre tu competencia.\r\n\r\nDescubre Oportunidades Ocultas: Encuentra nichos de mercado sin explotar, palabras clave valiosas y nuevas formas de conectar con tus clientes online.\r\n\r\nDesarrolla Estrategias Imbatibles: Crea campa√±as de marketing online que te permitan superar a tus competidores y conseguir m√°s clientes.\r\n\r\nAhorra Tiempo y Dinero: Evita cometer errores costosos al seguir estrategias probadas y optimizadas para tu sector.\r\n\r\nDomina el Mercado Digital: Convi√©rtete en el l√≠der online de tu sector, atrayendo a m√°s clientes y aumentando tus ventas.",An√°lisis Estrat√©gico y Estudios de Mercado,El porque,"an√°lisis competencia, estudio competidores, benchmarking, espionaje competencia, an√°lisis rivales, conocer competencia",Pago √∫nico,,
9,Estudios - Consultoria Empresarial - Mentoria para iniciar un proyecto,250,"¬øTe sientes estancado y sin rumbo claro en tu negocio? ¬øTienes una gran idea, pero no sabes c√≥mo llevarla a la realidad? ¬øTe preocupa que tus esfuerzos no est√©n dando los resultados que esperabas? La clave para despegar tu negocio y alcanzar tus sue√±os est√° en tener una direcci√≥n clara y una estrategia s√≥lida. Nuestra Consultor√≠a Empresarial te ayuda a definir el rumbo de tu negocio, a crear una visi√≥n inspiradora y a construir una base s√≥lida para un futuro pr√≥spero.\r\n\r\nCon nuestra consultor√≠a, dejar√°s de sentirte perdido y comenzar√°s a:\r\n\r\nEncontrar tu Prop√≥sito: Aclarar la misi√≥n y los valores de tu negocio, conectando con lo que realmente te apasiona y te impulsa.\r\n\r\nCrear un Futuro Inspirador: Definir una visi√≥n clara y ambiciosa para tu negocio, motivando a tu equipo y atrayendo a tus clientes ideales.\r\n\r\nDiferenciarte de la Competencia: Desarrollar una Propuesta de Valor √önica (PVU) que te permita destacar en el mercado y atraer a los clientes que realmente valoran lo que ofreces.\r\n\r\nTomar Decisiones con Confianza: Tener una base s√≥lida para tomar decisiones estrat√©gicas y dirigir tu negocio con seguridad y prop√≥sito.\r\n\r\nAlcanzar tus Metas: Trazar una hoja de ruta clara y efectiva para lograr tus objetivos de crecimiento y rentabilidad.\r\n\r\nNuestro servicio incluye:\r\n\r\nSesi√≥n de Descubrimiento:\r\n\r\nAn√°lisis profundo de tu negocio, incluyendo tus fortalezas, debilidades, oportunidades y amenazas (An√°lisis FODA).\r\n\r\nEvaluaci√≥n de tu mercado objetivo y de tu competencia.\r\n\r\nIdentificaci√≥n de tus valores y de lo que te apasiona de tu negocio.\r\n\r\nDefinici√≥n de Misi√≥n y Visi√≥n:\r\n\r\nCreaci√≥n de una declaraci√≥n de misi√≥n clara y concisa que refleje el prop√≥sito de tu negocio.\r\n\r\nDesarrollo de una visi√≥n inspiradora que describa el futuro que deseas crear para tu negocio.\r\n\r\nDesarrollo de tu Propuesta de Valor √önica (PVU):\r\n\r\nIdentificaci√≥n de los elementos que hacen √∫nica a tu marca y que la diferencian de la competencia.\r\n\r\nCreaci√≥n de un mensaje claro y persuasivo que comunique tu PVU a tus clientes potenciales.\r\n\r\nPresupuesto y Retorno de la Inversi√≥n (ROI):\r\n\r\nSe presenta un an√°lisis detallado con estrategias de marketing digital y como tomar las acciones de manera eficaz.\r\n\r\nEstrategia de Marketing Digital:\r\n\r\nSe realiza un estudio profundo de las acciones de marketing digital que debe tener la empresa en la actualidad.","Con nuestra consultor√≠a, podr√°s:\r\n\r\nDefinir el Rumbo de tu Negocio: Obt√©n claridad y enfoque para tomar decisiones con seguridad y prop√≥sito.\r\n\r\nInspirar a tu Equipo y Crear una Cultura S√≥lida: Motiva a tus empleados y construye una base s√≥lida para el √©xito a largo plazo.\r\n\r\nDestacar en el Mercado y Atraer a M√°s Clientes: Diferencia tu marca y conquista a tu p√∫blico objetivo.\r\n\r\nConstruir un Negocio Sostenible y Rentable: Crece de manera s√≥lida y constante, asegurando tu futuro financiero.\r\n\r\nAlinear tus Acciones con tus Objetivos: Maximiza tu potencial y alcanza el √©xito que mereces.\r\n\r\nEn esta versi√≥n, he movido los beneficios al principio, present√°ndolos como una transformaci√≥n que el cliente puede lograr. ¬øTe parece que funciona mejor as√≠?",An√°lisis Estrat√©gico y Estudios de Mercado,El porque,"consultoria negocio, asesoria empresa, consultoria pymes, asesoria emprendedores, consultoria estrat√©gica, asesoria empresarial online",Pago √∫nico,https://www.youtube.com/watch?v=vMS5YqpV0Qo,
10,Estudios - Auditor√≠a SEO y redise√±o de un sitio web (No incluye estudio de palabras claves),650,"¬øSientes que tu sitio web no est√° dando los resultados que esperabas? ¬øTe preocupa que tus clientes potenciales no te encuentren en Google? ¬øTu web se ve anticuada y poco atractiva? La clave para transformar tu sitio web en una m√°quina de atracci√≥n de clientes est√° en una Auditor√≠a SEO exhaustiva y un dise√±o estrat√©gico.\n\nNuestro servicio te proporciona una evaluaci√≥n completa de tu sitio web, revelando los problemas que est√°n frenando su rendimiento y ofreci√©ndote un plan de acci√≥n claro para mejorar su visibilidad, usabilidad y atractivo.\n\n¬øQu√© Descubrir√°s y Lograr√°s?\n\nPor Qu√© tu Web No Aparece en Google: Identificaremos los problemas t√©cnicos y de contenido que est√°n impidiendo que tu sitio web se posicione en los primeros resultados de b√∫squeda.\n\nQu√© Hacen tus Competidores para Atraer Clientes: Analizaremos las estrategias SEO de tus principales competidores para identificar oportunidades de mejora y diferenciaci√≥n.\n\nC√≥mo Crear una Experiencia de Usuario Irresistible: Mejoraremos la estructura, la navegaci√≥n y el dise√±o visual de tu sitio web para que sea f√°cil de usar, atractivo y memorable.\n\nQu√© Contenido Atraer√° a tus Clientes Ideales: Crearemos un plan para la creaci√≥n y optimizaci√≥n de contenido relevante, √∫til y atractivo para tu audiencia objetivo.\n\nComponentes del Servicio:\n\nAuditor√≠a SEO Profunda:\n\nAn√°lisis T√©cnico: Evaluaci√≥n de la velocidad de carga, la optimizaci√≥n para dispositivos m√≥viles, la estructura de URLs, y la presencia de errores t√©cnicos (enlaces rotos, c√≥digos de estado incorrectos, etc.).\n\nAn√°lisis de Contenido: Revisi√≥n de la calidad y relevancia del contenido existente, la optimizaci√≥n de palabras clave, la estructura de encabezados y la densidad de palabras clave.\n\nAn√°lisis de Backlinks: Evaluaci√≥n de la calidad y cantidad de enlaces entrantes (backlinks) que apuntan a tu sitio web.\n\nAn√°lisis de la Competencia: Comparaci√≥n del rendimiento SEO de tu sitio web con el de tus principales competidores.\n\nRedise√±o Estrat√©gico del Sitio Web:\n\nEstructura y Navegaci√≥n: Recomendaciones para mejorar la estructura y navegaci√≥n del sitio web, asegurando que sea intuitiva y f√°cil de usar.\n\nDise√±o Visual: Sugerencias de mejoras en el dise√±o visual del sitio web para que sea atractivo y coherente con la identidad de la marca.\n\nOptimizaci√≥n de la Experiencia del Usuario (UX): Propuesta de mejoras en la experiencia del usuario, incluyendo la facilidad de uso, la accesibilidad y la satisfacci√≥n del usuario.\n\nContenido Optimizado: Plan para la creaci√≥n y optimizaci√≥n de contenido que sea relevante, √∫til y atractivo para tu audiencia objetivo.\n\nPlan de Implementaci√≥n Detallado:\n\nHoja de ruta con acciones espec√≠ficas, responsables y plazos para la implementaci√≥n de las recomendaciones de la auditor√≠a SEO y el redise√±o del sitio web.\n\nGu√≠as y plantillas para la optimizaci√≥n de contenido, la estructura de URLs, y la creaci√≥n de enlaces internos y externos.\n\nMonitoreo y Evaluaci√≥n:\n\nSeguimiento del desempe√±o del sitio web tras la implementaci√≥n de las recomendaciones.\n\nInformes peri√≥dicos que detallen el rendimiento del sitio web y el progreso hacia los objetivos de SEO y usabilidad.","Mayor Visibilidad en Google: Atrae m√°s tr√°fico org√°nico y llega a tus clientes potenciales cuando te est√°n buscando.\r\n\r\nAtracci√≥n de Clientes de Calidad: Aumenta el n√∫mero de visitantes que se convierten en clientes.\r\n\r\nExperiencia de Usuario Irresistible: Ofrece a tus visitantes una experiencia de navegaci√≥n fluida, intuitiva y agradable.\r\n\r\nImagen Profesional y Moderna: Transmite confianza y credibilidad a tus clientes potenciales con un dise√±o web atractivo y actualizado.\r\n\r\nRetorno de Inversi√≥n (ROI) Optimizado: Aprovecha al m√°ximo tu inversi√≥n en marketing digital, generando resultados medibles y sostenibles.",Posicionamiento y Dise√±o Web,El porque,"auditoria SEO web, redise√±o web SEO, mejorar SEO web, optimizar web SEO, auditoria sitio web, redise√±o p√°gina web SEO",Pago √∫nico,https://www.youtube.com/watch?v=vMS5YqpV0Qo,
11,Estudios -  Ahorra tiempo y dinero automatizando procesos,350,"¬øTe sientes abrumado por tareas repetitivas que consumen tu tiempo y energ√≠a? ¬øTe frustra ver que los errores humanos est√°n afectando la calidad de tu trabajo? ¬øSue√±as con un negocio m√°s eficiente, productivo y rentable? La clave para liberarte de la carga operativa y desatar el potencial de tu negocio est√° en la Automatizaci√≥n Inteligente.\r\n\r\nNuestro servicio te proporciona las herramientas y la gu√≠a que necesitas para implementar flujos de trabajo automatizados que optimicen tus operaciones diarias, permiti√©ndote enfocarte en lo que realmente importa: hacer crecer tu negocio.\r\n\r\n¬øQu√© Lograr√°s con la Automatizaci√≥n?\r\n\r\nLiberar tu Tiempo: Dedica m√°s tiempo a tareas estrat√©gicas que generen valor para tu negocio, delegando las tareas repetitivas a la automatizaci√≥n.\r\n\r\nEliminar Errores Costosos: Reduce los errores humanos y mejora la precisi√≥n en la ejecuci√≥n de tareas, evitando p√©rdidas econ√≥micas y problemas con tus clientes.\r\n\r\nMultiplicar tu Productividad: Optimiza tus procesos empresariales y aumenta la eficiencia de tu equipo, logrando m√°s con menos recursos.\r\n\r\nOfrecer un Servicio Impecable: Asegura que las tareas se realicen de manera consistente y estandarizada, mejorando la calidad de tu servicio y la satisfacci√≥n de tus clientes.\r\n\r\nComponentes del Servicio:\r\n\r\nAn√°lisis de Procesos:\r\n\r\nIdentificaci√≥n de los procesos de tu negocio que son susceptibles de automatizaci√≥n.\r\n\r\nEvaluaci√≥n de las necesidades espec√≠ficas de tu empresa.\r\n\r\nDise√±o y Configuraci√≥n de Flujos de Trabajo:\r\n\r\nCreaci√≥n de flujos de trabajo automatizados adaptados a las necesidades espec√≠ficas de tu negocio.\r\n\r\nConfiguraci√≥n de las herramientas y plataformas necesarias.\r\n\r\nApertura de Cuentas y Conexiones:\r\n\r\nConfiguraci√≥n inicial y la apertura de cuentas necesarias para la implementaci√≥n de la automatizaci√≥n.\r\n\r\nAsegurar la conexi√≥n entre las diversas herramientas automatizadas\r\n\r\nPruebas y Validaci√≥n:\r\n\r\nRealizaci√≥n de pruebas exhaustivas para asegurar que las automatizaciones funcionen correctamente antes de su implementaci√≥n.\r\n\r\nCapacitaci√≥n Personalizada:\r\n\r\nProporcionamos una capacitaci√≥n para que tu equipo comprenda c√≥mo funcionan las automatizaciones y pueda gestionarlas de manera efectiva.\r\n\r\nEntregamos un plan para que lo implemente una persona con pocos conocimientos","M√°s Tiempo para Crecer: Lib√©rate de tareas repetitivas y conc√©ntrate en hacer crecer tu negocio.\r\n\r\nMenos Errores, M√°s Ganancias: Reduce los errores humanos y mejora la precisi√≥n, evitando p√©rdidas econ√≥micas.\r\n\r\nProductividad Disparada: Optimiza tus procesos y aumenta la eficiencia de tu equipo.\r\n\r\nCalidad Impecable: Ofrece un servicio consistente y estandarizado que supere las expectativas de tus clientes.\r\n\r\nNegocio Escalable: Prepara tu negocio para crecer sin l√≠mites, automatizando tareas y procesos.",Automatizaciones para reducir costos,El Como,"automatizar tareas, automatizaci√≥n negocio, procesos automatizados, optimizar procesos, reducir costos automatizaci√≥n, eficiencia automatizaci√≥n",Pago √∫nico,https://www.youtube.com/watch?v=p14Y_kd185Q,
13,Programaci√≥n -Asistente 24/7 - Chatbot,500,"Descripci√≥n del Servicio (Precio de inicio $500 d√≥lares, dependerade las funcionalidades espec√≠ficas del cliente el precio final): Asistente Online\nDescripci√≥n del Servicio:\n\nEl servicio de Asistente Online es una soluci√≥n integral que proporciona asistencia personalizada y automatizada para mejorar la interacci√≥n con tus clientes y optimizar tus procesos empresariales. Este asistente est√° dise√±ado para responder preguntas frecuentes, proporcionar informaci√≥n relevante y guiar a los usuarios a trav√©s de diversas tareas, mejorando la eficiencia y la experiencia del cliente.\n\n","Beneficios:\n\nMejora en la Experiencia del Cliente: Proporciona respuestas r√°pidas y precisas a las consultas de los clientes, mejorando su satisfacci√≥n y lealtad.\nAhorro de Tiempo: Automatiza tareas repetitivas y rutinarias, permitiendo a tu equipo enfocarse en actividades de mayor valor.\nDisponibilidad 24/7: Ofrece asistencia continua, incluso fuera del horario de oficina, asegurando que los clientes siempre reciban la ayuda que necesitan.\nConsistencia en la Informaci√≥n: Asegura que la informaci√≥n proporcionada sea consistente y estandarizada, mejorando la calidad del servicio.\nEscalabilidad: Facilita el crecimiento de tu negocio al permitir la r√°pida implementaci√≥n de nuevas funcionalidades seg√∫n sea necesario.\nComponentes Incluidos:\n\nConfiguraci√≥n Inicial: Incluye la configuraci√≥n y personalizaci√≥n del asistente online seg√∫n las necesidades espec√≠ficas de tu negocio.\nIntegraci√≥n con Sistemas Existentes: Asegura la integraci√≥n fluida del asistente con tus sistemas y plataformas actuales, como sitios web, aplicaciones m√≥viles y CRM.\nDesarrollo de Flujos de Conversaci√≥n: Dise√±o y configuraci√≥n de flujos de conversaci√≥n automatizados que gu√≠en a los usuarios a trav√©s de diversas tareas y consultas.\nPruebas y Validaci√≥n: Realizaci√≥n de pruebas exhaustivas para asegurar que el asistente funcione correctamente antes de su implementaci√≥n.\nCapacitaci√≥n: Proporcionamos una breve capacitaci√≥n para que tu equipo comprenda c√≥mo funciona el asistente y pueda gestionarlo de manera efectiva.",Automatizaciones para reducir costos,El Como,"asistente virtual, chatbot negocio, asistente web, atenci√≥n cliente automatizada, asistente online pymes, chatbot para web",Pago √∫nico,https://www.youtube.com/shorts/roAyrA3HktM,
19,"P√°ginas web ""GO 2025"" - Tu primera p√°gina web",250,"P√ÅGINA WEB ‚ÄúGO 2025‚Äù\nP√°gina web est√°tica\no Precio: $250\no Forma de pago: Pago √∫nico\no Descripci√≥n: La P√°gina Web ‚ÄúGO 2025‚Äù es ideal para negocios y profesionales que necesitan una plataforma s√≥lida, escalable y profesional que represente su actividad de manera integral. Este servicio incluye:\nÔÇß Desarrollo Web C√ìDIGO: Dise√±o intuitivo, enfocado en la experiencia de usuario (UX/UI).\nÔÇß Dominio y hosting durante el primer a√±o: www.tuempresa.com.\nÔÇß Cabecera fija con logo y dos botones WhatsApp y Compartir\nÔÇß 3 secciones: Portada, servicios o productos y contactos.\nÔÇß Coinfiguraci√≥n de la palabra clave principal y 3 relacionadas..\no \n","Beneficios: B√°sicamente ofrece la posibilidad de posicionar tu sitio web que tiene tu dominio propio es decir el nombre de tu empresa o tu nombre vinculado con palabras claves, es b√°scamente mejor que la tarjeta digital\nÔÇß Plataforma s√≥lida y profesional.\nÔÇß Comunicaci√≥n r√°pida mediante WhatsApp.\nÔÇß Aumento de la visibilidad online con la optimizaci√≥n para SEO b√°sica.\nÔÇß Seguridad con certificado SSL para la protecci√≥n de datos del usuario.\no M√°s informaci√≥n: Ver Video üëá P√°gina Web de Empresa",Posicionamiento y Dise√±o Web,El Donde,"p√°gina web b√°sica, web simple, sitio web econ√≥mico, p√°gina web est√°tica, web go, p√°gina web r√°pida",Pago √∫nico,https://www.youtube.com/shorts/kea2Z2bNyIw,
20,Posicionamiento - Socio para Crecer - Posicionamiento Web,250,"Este no es un servicio, es una sociedad estrat√©gica. En lugar de un gran desembolso inicial por desarrollo y estudios, proponemos una alianza a largo plazo. OBJETIVO asume la inversi√≥n inicial completa en el desarrollo de su ecosistema digital (valorado en hasta $X,XXX USD) a cambio de un compromiso de gesti√≥n mensual. Nos convertimos en su equipo de marketing digital dedicado y exclusivo en su sector.\n\nEste modelo est√° dise√±ado para alinear nuestros objetivos con los suyos: si ustedes crecen, nosotros crecemos. Nos encargamos de todo el ecosistema digital para que usted pueda enfocarse en dirigir su negocio.","Inversi√≥n Inicial Cero en Desarrollo: Eliminamos la barrera de entrada econ√≥mica. El desarrollo del sitio web y/o el estudio de mercado corre por nuestra cuenta como parte de la alianza.\n‚Ä¢ Equipo Dedicado y Exclusivo: Garantizamos por contrato que no trabajaremos con su competencia directa en la zona, asegurando que todos nuestros esfuerzos se centren en su √©xito.\n‚Ä¢ Crecimiento Sostenible y Medible: Nos enfocamos en una estrategia de largo plazo con informes mensuales de m√©tricas clave (tr√°fico, leads, posicionamiento) para demostrar el retorno de la inversi√≥n.\n‚Ä¢ Flujo de Caja Predecible: Para usted, el costo es una mensualidad fija y predecible, lo que facilita la planificaci√≥n financiera sin sorpresas.\n‚Ä¢ Soluci√≥n Integral 'Llave en Mano': Incluye el desarrollo inicial, la estrategia, la creaci√≥n de contenido (art√≠culos de blog), la gesti√≥n de redes sociales y el mantenimiento t√©cnico. Todo en un solo paquete.",Posicionamiento y Dise√±o Web,El Como,"alianza digital, socio marketing, iguala mensual, crecimiento garantizado, marketing integral, partner digital, exclusividad de sector",Pago Mensual,,"‚Ä¢ Desarrollo de Sitio Web Profesional (Ecommerce o Empresa).\n‚Ä¢ Estudio Estrat√©gico de Mercado y Competencia.\n‚Ä¢ Gesti√≥n mensual de SEO y Redes Sociales (ej: 10 art√≠culos, 20 publicaciones).\n‚Ä¢ Mantenimiento t√©cnico y optimizaci√≥n continua del sitio.\n‚Ä¢ Informes mensuales de rendimiento."
21,Estudios - El Antes de Endeudarte - Estudio de Factibilidad,3500,"Escucharemos tu idea de negocio y la someteremos a distintos estudios para comprobar si realmente es o no viable iniciarla. Este estudio te servira para presentarlo en una entidad financiera para poder buscar financiamiento. Los estudios entregables son Estudio de mercado, competencia, palabras claves, analisis financiero, fundamentos de la empresa (objetivos, metas, misi√≥n, visi√≥n, propuesta de valor.","La mejor inversi√≥n si quieres entrar a un negocio con los n√∫meros claros, con las proyecciones financieras que se convierten en tus metas, con las reglas claras de la competenci a la cu√°l se debe vencer y que tus desiciones no ser√°n al azar, ser√°n basadas en un estudio completo de mercado.",An√°lisis Estrat√©gico y Estudios de Mercado,El porque,"factibilidad, estudio de implementaci√≥n, estudios de mercado, an√°lisis de la competencia, estudio de palabras claves, estrategia de posicionamiento",Pago √∫nico,,
22,Estudios - Procesos Lentos y Caros - Reingenier√≠a de Procesos,1500,"Si no solo sientes que tienes procesos lentos, tambi√©n te lo dicen tus empleados y mas personas, nuestra empresa ser√° tu aliado en este proceso, compartiendo el tiempo con tus trabajadores, mapearemos cada paso que ellos hacen y determinaremos banderas rojas donde una automatizaci√≥n, un software a medida, una app de pago, etc. Impulsen un mejor rendimiento, la reducci√≥n de costos y mejores utilidades.","La reingenier√≠a de procesos esta enfocada en optimizar los tiempos en los que normalmente se ejecutan ciertos procesos, optimizarlos para reducir costos y obtener ahorros puntuales en el presupuesto administrativo y operativo en la empresa,  sin duda es ingresar al mundo actual con una peque√±a inversi√≥n",An√°lisis Estrat√©gico y Estudios de Mercado,El porque,"inteligencia artificial, inteligencia artificial para procesos, automatizaci√≥n, reingenier√≠a, redise√±o de procesos",Pago √∫nico,,
23,Men√∫ Digital - Plan Emprendedor,250,"El Plan Emprendedor es la soluci√≥n perfecta para restaurantes con men√∫s fijos o ejecutivos que buscan digitalizar su carta sin complicaciones. Este servicio incluye:Men√∫ digital completo en 1 p√°gina optimizada: Dise√±ado espec√≠ficamente para mostrar tu men√∫ de forma clara y atractiva, facilitando la navegaci√≥n de tus clientes.C√≥digo QR din√°mico: Imprime una sola vez y funciona para siempre. Tus clientes escanean y acceden instant√°neamente a tu men√∫ actualizado.Actualizaciones ilimitadas desde tu celular: Cambia precios, platos o descripciones en segundos, sin necesidad de conocimientos t√©cnicos ni dise√±adores.1 a√±o de dominio + hosting incluidos: Tu propio dominio profesional (www.turestaurante.com) con alojamiento seguro durante el primer a√±o.Todo queda a TU nombre: Propiedad 100% tuya del dominio, contenido y archivos. Sin dependencias ni ataduras.Posicionamiento en Google: Tu men√∫ aparece en b√∫squedas locales cuando potenciales clientes buscan ""restaurante cerca de m√≠"" o ""almuerzos en [tu ciudad]"".Este plan est√° dise√±ado pensando en restaurantes que ofrecen men√∫ del d√≠a, carta ejecutiva o men√∫s que cambian con poca frecuencia. Ideal para comenzar tu presencia digital profesional.","Ahorro de Tiempo: Deja de perder horas dise√±ando men√∫s en Canva o Word cada semana. Actualiza en 3 clics desde tu celular.Presencia Profesional: Un men√∫ digital moderno que genera confianza y atrae m√°s clientes que un PDF o una foto borrosa en WhatsApp.Visibilidad en Google: Aparece cuando clientes nuevos buscan d√≥nde comer en tu zona. El 72% de los clientes buscan el men√∫ online antes de decidir.Sin Comisiones: A diferencia de apps de delivery que cobran 20-30% por pedido, esto es tuyo 100%. Cero comisiones por pedido.Actualizaciones Instant√°neas: ¬øCambi√≥ el precio del almuerzo? ¬øSe acab√≥ un plato? Actualiza en segundos y tus clientes lo ven de inmediato.C√≥digo QR Profesional: Imprime una sola vez, funciona siempre. Col√≥calo en tus mesas, ventanas o tarjetas de presentaci√≥n.Pedidos Directos por WhatsApp: Integraci√≥n nativa que env√≠a a tus clientes directo a tu WhatsApp Business para hacer pedidos.Dominio Propio: www.turestaurante.com es mucho m√°s profesional que un enlace de Facebook o Instagram.Propiedad Total: Todo el contenido, dise√±o y archivos quedan a tu nombre. No dependes de nosotros despu√©s de la entrega.Inversi√≥n √önica: Pago √∫nico de $250, sin mensualidades ocultas ni costos sorpresa.Compatible con Todos los Dispositivos: Tu men√∫ se ve perfecto en celulares, tablets y computadoras.Soporte Incluido: Te ayudamos con dudas y cambios durante el primer mes sin costo adicional.",Digitalizaci√≥n y Tecnolog√≠a para Restaurantes,El Donde,"men√∫ digital, restaurantes, QR, digitalizaci√≥n, Ecuador, men√∫ ejecutivo, carta digital, sin comisiones",Pago √∫nico,https://www.youtube.com/watch?v=4hot82GQezI,"Men√∫ digital 1 p√°gina, C√≥digo QR din√°mico, Actualizaciones ilimitadas, Dominio 1 a√±o, Hosting 1 a√±o, Posicionamiento Google b√°sico, Integraci√≥n WhatsApp, Soporte 1 mes"
24,Men√∫ Digital - Plan Crecimiento,500,"El Plan Crecimiento est√° dise√±ado para negocios en expansi√≥n que necesitan una presencia digital m√°s robusta. Perfecto para cafeter√≠as, bistr√≥s o restaurantes con m√∫ltiples categor√≠as de men√∫. Incluye:Tu men√∫ digital con hasta 8 p√°ginas organizadas: Suficiente espacio para desayunos, almuerzos, cenas, bebidas y postres, todo organizado profesionalmente.C√≥digo QR din√°mico: Imprime una vez, actualiza siempre. Funciona en mesas, tarjetas o ventanas.Actualizaciones ilimitadas desde tu celular: Control total desde tu smartphone. Cambia lo que necesites, cuando lo necesites.1 a√±o de dominio + hosting incluidos: Tu dominio profesional con alojamiento seguro.Todo queda a TU nombre: Propiedad completa del dominio, dise√±o y contenido.Galer√≠a de fotos para eventos: Muestra tus platillos especiales, eventos corporativos o celebraciones que has organizado.Posicionamiento en Google mejorado: Mayor visibilidad en b√∫squedas locales con m√∫ltiples p√°ginas optimizadas.Este plan es ideal para negocios que est√°n creciendo y necesitan mostrar una oferta m√°s amplia sin perder la facilidad de actualizaci√≥n.","Organizaci√≥n Profesional: Hasta 8 p√°ginas te permiten separar claramente desayunos, almuerzos, bebidas, postres y promociones especiales.Galer√≠a Visual: Muestra fotos de tus mejores platos y eventos. Las im√°genes venden m√°s que mil palabras.Mayor Posicionamiento: M√°s p√°ginas = m√°s palabras clave = m√°s visibilidad en Google para b√∫squedas como ""cafeter√≠a [tu ciudad]"" o ""bistr√≥s en [zona]"".Experiencia de Cliente Mejorada: Navegaci√≥n clara y organizada que facilita la decisi√≥n de compra.Promociones Destacadas: Espacio dedicado para resaltar tus ofertas especiales o platos del d√≠a.Sin L√≠mites de Actualizaci√≥n: Cambia men√∫s, precios o promociones las veces que necesites, sin costo adicional.Inversi√≥n Protegida: Todo queda a tu nombre. Si decides cambiar de proveedor en el futuro, te llevas todo.Pedidos Directos: Integraci√≥n con WhatsApp para que tus clientes ordenen directamente, sin intermediarios.Cero Comisiones: A diferencia de plataformas de delivery, aqu√≠ no pagas comisi√≥n por pedido.Soporte Extendido: Asistencia t√©cnica para resolver cualquier duda durante la implementaci√≥n.Adaptable a Cualquier Dispositivo: Tu men√∫ se ve impecable en celulares, tablets y computadoras.ROI R√°pido: Con solo 5-7 pedidos adicionales al mes ya recuperaste tu inversi√≥n.",Digitalizaci√≥n y Tecnolog√≠a para Restaurantes,El Donde,"men√∫ digital, cafeter√≠as, bistr√≥s, QR, restaurantes en crecimiento, carta digital, marketing digital, Ecuador",Pago √∫nico,https://www.youtube.com/watch?v=4hot82GQezI,"Men√∫ digital 8 p√°ginas, C√≥digo QR din√°mico, Actualizaciones ilimitadas, Dominio 1 a√±o, Hosting 1 a√±o, Galer√≠a de fotos, Posicionamiento Google intermedio, Integraci√≥n WhatsApp, Promociones destacadas"
25,Men√∫ Digital - Plan Pro,700,"El Plan Pro es la soluci√≥n completa para restaurantes con cartas extensas que buscan dominancia en su mercado local. Incluye:Tu men√∫ digital con hasta 20 p√°ginas (carta completa): Espacio suficiente para mostrar entradas, platos fuertes, bebidas, vinos, postres, men√∫s especiales y m√°s.C√≥digo QR din√°mico: La tecnolog√≠a que imprime una vez y actualiza siempre.Actualizaciones ilimitadas desde tu celular: Control total sin l√≠mites ni costos adicionales.2 a√±os de dominio + hosting incluidos: El doble de tiempo de protecci√≥n para tu inversi√≥n.Todo queda a TU nombre: Propiedad absoluta de tu activo digital.Galer√≠a de eventos + promociones destacadas: Secciones dedicadas para mostrar tus mejores momentos y ofertas especiales.Integraci√≥n con redes sociales: Conecta tu men√∫ digital con Facebook, Instagram y WhatsApp para una presencia digital unificada.Posicionamiento Google avanzado: Optimizaci√≥n t√©cnica para aparecer en las primeras posiciones de b√∫squeda local.Este plan es para restaurantes serios que entienden que su men√∫ digital no es un gasto, sino una inversi√≥n en su futuro.","Carta Completa Digital: Hasta 20 p√°ginas para mostrar TODO tu men√∫ sin limitaciones. Entradas, platos fuertes, bebidas, postres, men√∫s especiales.2 A√±os de Protecci√≥n: Dominio y hosting incluidos por 2 a√±os completos. Ahorro significativo vs renovaciones anuales.Integraci√≥n Total: Conecta tu men√∫ con Facebook, Instagram y WhatsApp. Una sola fuente de verdad para todos tus canales.Galer√≠a Premium: Muestra tus mejores platos, eventos corporativos, celebraciones y ambientes del restaurante.Promociones Destacadas: Secci√≥n especial para ofertas, combos y men√∫s del d√≠a que capturen la atenci√≥n.Posicionamiento Dominante: Optimizaci√≥n SEO avanzada para aparecer cuando busquen ""mejor restaurante [tu ciudad]"" o ""d√≥nde comer [zona]"".Rotaci√≥n Frecuente: Perfecto para restaurantes que cambian su carta regularmente o tienen men√∫s estacionales.ROI Comprobado: Con 10-12 clientes adicionales al mes ya recuperaste tu inversi√≥n. El resto es ganancia pura.Sin Comisiones por Pedido: Mientras apps de delivery se llevan 20-30%, t√∫ te quedas con el 100%.Propiedad Vitalicia: Todo el c√≥digo, dise√±o y contenido es tuyo para siempre. Cero dependencia.Soporte Prioritario: Atenci√≥n preferencial para cambios, dudas o ajustes que necesites.Marca Profesional: Tu dominio propio (www.turestaurante.com) proyecta seriedad y confianza.Experiencia de Cliente Premium: Navegaci√≥n fluida, dise√±o atractivo y carga r√°pida en cualquier dispositivo.",Digitalizaci√≥n y Tecnolog√≠a para Restaurantes,El Donde,"men√∫ digital profesional, carta digital, restaurantes, posicionamiento Google, SEO local, marketing restaurantes, Ecuador",Pago √∫nico,https://www.youtube.com/watch?v=4hot82GQezI,"Men√∫ digital 20 p√°ginas, C√≥digo QR din√°mico, Actualizaciones ilimitadas, Dominio 2 a√±os, Hosting 2 a√±os, Galer√≠a eventos + promociones, Posicionamiento Google avanzado, Integraci√≥n redes sociales, Integraci√≥n WhatsApp, Soporte prioritario"
26,Men√∫ Digital - Plan Posicionamiento,1000,"El Plan Posicionamiento es la soluci√≥n definitiva para restaurantes que buscan ser LA REFERENCIA en su ciudad y posicionarse internacionalmente. Este plan incluye:Tu men√∫ digital con hasta 40 p√°ginas (carta completa extendida): La soluci√≥n m√°s robusta para restaurantes con m√∫ltiples men√∫s, especialidades regionales, carta de vinos extensa y men√∫s corporativos.C√≥digo QR din√°mico: Tecnolog√≠a de actualizaci√≥n continua sin necesidad de reimprimir.Blog para posicionar internacionalmente: Art√≠culos optimizados para SEO que posicionan tu restaurante en b√∫squedas internacionales y de turismo.Actualizaciones ilimitadas desde tu celular: Control absoluto sin restricciones.2 a√±os de dominio + hosting incluidos: Protecci√≥n extendida de tu inversi√≥n digital.Todo queda a TU nombre: Propiedad total de tu imperio digital.Galer√≠a de eventos + promociones destacadas: M√∫ltiples secciones visuales para mostrar tu mejor trabajo.Integraci√≥n con redes sociales: Conexi√≥n completa con todos tus canales digitales.Posicionamiento en ChatGPT y Claude: Tu restaurante ser√° recomendado cuando viajeros y locales pregunten a la IA d√≥nde comer.Este plan es para restaurantes visionarios que entienden que el futuro del marketing es digital y que quieren capturar tanto el mercado local como el tur√≠stico internacional.","40 P√°ginas de Contenido: Espacio ilimitado para men√∫s completos, especialidades, historia del restaurante, chef, eventos corporativos, banquetes y m√°s.Blog de Posicionamiento: Art√≠culos optimizados que atraen tr√°fico org√°nico. Contenido como ""Mejores restaurantes [tu ciudad]"" o ""Gastronom√≠a t√≠pica ecuatoriana"".Posicionamiento Internacional: Tu restaurante aparece cuando turistas buscan ""d√≥nde comer en [tu ciudad]"" desde cualquier pa√≠s.Recomendaciones de IA: ChatGPT y Claude recomendar√°n tu restaurante cuando usuarios pregunten por opciones gastron√≥micas en tu zona.Captura Mercado Tur√≠stico: El 70% de viajeros planifica online. Estar visible significa capturar esa demanda millonaria.2 A√±os Sin Preocupaciones: Dominio y hosting cubiertos por 24 meses completos.Contenido Rico: 40 p√°ginas te permiten contar tu historia, mostrar tu equipo, tus valores, tu proceso y crear conexi√≥n emocional.ROI Extraordinario: Con solo 2-3 reservas corporativas o grupos tur√≠sticos al mes ya recuperaste tu inversi√≥n.Cero Dependencia de OTAs: Mientras otros pagan 15-20% de comisi√≥n en plataformas, t√∫ recibes reservas directas al 100%.Marca Internacional: Tu restaurante compite con cadenas internacionales en presencia digital.Propiedad Perpetua: Todo es tuyo para siempre. El c√≥digo, el contenido, el posicionamiento.Soporte VIP: Atenci√≥n personalizada y prioritaria para cualquier necesidad.Ventaja Competitiva Brutal: Mientras tu competencia sigue con men√∫s PDF en Facebook, t√∫ dominas Google y las IA.Diversificaci√≥n de Ingresos: Atrae eventos corporativos, grupos tur√≠sticos, celebraciones privadas con tu presencia premium.",Digitalizaci√≥n y Tecnolog√≠a para Restaurantes,El Donde,"posicionamiento internacional, men√∫ digital, SEO restaurantes, marketing digital, turismo gastron√≥mico, IA, ChatGPT, Ecuador",Pago √∫nico,https://www.youtube.com/watch?v=4hot82GQezI,"Men√∫ digital 40 p√°ginas, Blog SEO optimizado, C√≥digo QR din√°mico, Actualizaciones ilimitadas, Dominio 2 a√±os, Hosting 2 a√±os, Galer√≠a eventos + promociones, Posicionamiento Google premium, Posicionamiento en IA (ChatGPT/Claude), Integraci√≥n redes sociales, Integraci√≥n WhatsApp, Soporte VIP"
27,Motor de Reservas Hotel - Plan Pro,700,"El Plan Pro es la soluci√≥n perfecta para hoteles peque√±os y hostales que buscan independencia de las OTAs (Booking, Expedia, Despegar) y quieren dejar de pagar comisiones del 18% por cada reserva. Incluye:Tu Hotel Digital completo (hasta 10 p√°ginas): P√°gina web profesional con secciones de inicio, habitaciones, servicios, ubicaci√≥n, galer√≠a, contacto y m√°s.Sistema de Reservas Directo: Motor de reservas integrado donde tus hu√©spedes pueden reservar directamente sin intermediarios. 0% de comisi√≥n por reserva.C√≥digo QR din√°mico: Para colocar en tu recepci√≥n, habitaciones o tarjetas de presentaci√≥n. Los hu√©spedes escanean y acceden a todo tu hotel.Actualizaciones ilimitadas desde tu celular: Cambia precios, disponibilidad, fotos o descripciones cuando quieras, sin l√≠mites.1 a√±o de dominio + hosting incluidos: Tu propio dominio (www.tuhotel.com) con alojamiento seguro.Todo queda a TU nombre: Propiedad 100% del dominio, sistema y contenido. Cero dependencia.Posicionamiento Google B√°sico: Optimizaci√≥n para b√∫squedas locales como ""hotel en [tu ciudad]"" o ""hostal cerca de [atractivo tur√≠stico]"".Integraci√≥n WhatsApp: Reservas directas por WhatsApp integrado.Este plan est√° dise√±ado para hostales o hoteles peque√±os (5-15 habitaciones) sin restaurante, enfocados solo en alojamiento, que quieren recuperar el control de su negocio.","Ahorro Brutal en Comisiones: Booking te cobra 18% por reserva. Con 4-5 reservas directas al mes ya recuperaste tu inversi√≥n completa.Propiedad de Tus Clientes: Capturas el email y contacto de cada hu√©sped. Ellos son TUYOS, no de Booking.Fidelizaci√≥n Autom√°tica: A√±o 1 pagan comisi√≥n a la OTA. A√±o 2 y 3 reservan directo contigo. Cero comisi√≥n.ROI en 45-60 D√≠as: Con un hotel de ocupaci√≥n promedio, recuperas tu inversi√≥n en 2 meses. El resto del a√±o es ganancia pura.Reservas Directas 24/7: Tu sistema trabaja mientras duermes. Los hu√©spedes pueden reservar cualquier d√≠a, a cualquier hora.Control Total de Precios: Ajusta tarifas seg√∫n temporada, eventos o promociones en segundos desde tu celular.Posicionamiento Local: Aparecer en Google cuando buscan ""hotel en [tu ciudad]"" es oro puro. El 59% busca online antes de reservar.Inversi√≥n √önica: $700 una sola vez. Booking te cobra 18% POR SIEMPRE. Haz las cuentas.Sin Mensualidades: Cero costos recurrentes. Pagas una vez y es tuyo para siempre.Cero Dependencia Tecnol√≥gica: Si decides cambiar de proveedor, te llevas TODO porque es tuyo.WhatsApp Integrado: Los hu√©spedes te contactan directo. Consultas, reservas y seguimiento en un solo lugar.Soporte Incluido: Te ayudamos con dudas y cambios durante la implementaci√≥n.El Mejor Margen: Trabajas para ti, no para Booking. Cada reserva directa es 18% m√°s de utilidad en tu bolsillo.",Gesti√≥n Hotelera y Tecnolog√≠a Tur√≠stica,El Donde,"motor de reservas, hoteles, sin comisiones, booking alternativa, gesti√≥n hotelera, Ecuador, hostales, sistema de reservas",Pago √∫nico,https://www.youtube.com/watch?v=JDMmFvf8URY,"Website hotel 10 p√°ginas, Sistema reservas directo 0% comisi√≥n, C√≥digo QR din√°mico, Actualizaciones ilimitadas, Dominio 1 a√±o, Hosting 1 a√±o, Posicionamiento Google b√°sico, Integraci√≥n WhatsApp, Capacitaci√≥n personalizada, Soporte t√©cnico"
28,Motor de Reservas Hotel - Plan √âlite,1800,"El Plan √âlite es la soluci√≥n completa para hoteles medianos que buscan dominancia en su ciudad y captar el mercado local. Este es el plan m√°s elegido por hoteles que entienden que el futuro es digital. Incluye:Tu Hotel Digital Ampliado (hasta 20 p√°ginas): Website completo con habitaciones detalladas, servicios, restaurante, eventos, galer√≠a extensa, blog de turismo local y m√°s.Sistema de Reservas Profesional: Motor de reservas directo sin comisiones, con gesti√≥n de disponibilidad en tiempo real.C√≥digo QR din√°mico: Tecnolog√≠a de actualizaci√≥n continua.Actualizaciones ilimitadas desde tu celular: Control total sin restricciones.2 a√±os de dominio + hosting incluidos: Protecci√≥n extendida de tu inversi√≥n.Todo queda a TU nombre: Propiedad absoluta de tu sistema.Posicionamiento Google Profesional: Estrategia SEO con 50+ keywords optimizadas para dominar b√∫squedas locales como ""mejor hotel [tu ciudad]"", ""hotel con piscina [zona]"", ""d√≥nde hospedarse [regi√≥n]"".15 Art√≠culos de Blog: Contenido optimizado sobre turismo local, atractivos cercanos y gu√≠as de viaje que posicionan tu hotel.Google My Business Completo: Configuraci√≥n y optimizaci√≥n profesional de tu perfil de Google para aparecer en Google Maps.Posicionamiento en IA (ChatGPT/Claude): Tu hotel ser√° recomendado cuando viajeros pregunten a la inteligencia artificial d√≥nde hospedarse.12 Meses de Informes Mensuales: Reportes detallados de tr√°fico, reservas, conversiones y ROI.Este plan es ideal para hoteles de 10-40 habitaciones que quieren dominar las b√∫squedas locales y captar hu√©spedes directos sin pagar comisiones a OTAs.","Dominancia Local Absoluta: Con 50+ keywords optimizadas, tu hotel aparece en TODAS las b√∫squedas relevantes de tu ciudad.ROI Proyectado: 10-15 reservas directas al mes. Eso son $88,200 USD ahorrados en comisiones al a√±o.Posicionamiento en IA: Cuando alguien pregunta a ChatGPT ""mejores hoteles en [tu ciudad]"", T√ö apareces. Eso es el futuro.Blog de Contenido: 15 art√≠culos sobre turismo local atraen tr√°fico org√°nico constante. Es marketing que trabaja 24/7.Google My Business Premium: Aparecer en Google Maps con fotos, rese√±as y disponibilidad es donde se ganan las reservas locales.Capturas al Turista Local: El ecuatoriano que busca ""hotel en [tu ciudad]"" para fin de semana ahora te encuentra PRIMERO.12 Meses de An√°lisis: Informes mensuales te muestran exactamente cu√°nto est√°s ganando, qu√© funciona y c√≥mo mejorar.2 A√±os Sin Preocupaciones: Dominio y hosting cubiertos por 24 meses. Ahorro significativo.Fidelizaci√≥n Comprobada: A√±o 1 pagan comisi√≥n a Booking. A√±os 2, 3, 4, 5... reservan directo contigo. Multiplica eso por 100 hu√©spedes.Sin Comisiones Vitalicias: Mientras otros hoteles pagan 18% por siempre, t√∫ cobras 100% de cada reserva.Propiedad Total: El sistema es tuyo. Si en 5 a√±os decides cambiar, te llevas todo.Soporte Extendido: Atenci√≥n prioritaria durante 12 meses completos.Ventaja Competitiva: Mientras tu competencia sigue dependiendo de Booking, t√∫ dominas Google y la IA.Diversificaci√≥n de Ingresos: Con el blog atraes eventos corporativos, grupos tur√≠sticos y retiros que buscan hoteles con buena presencia digital.",Gesti√≥n Hotelera y Tecnolog√≠a Tur√≠stica,El Donde,"motor de reservas, hoteles medianos, SEO hotelero, marketing digital, sin comisiones, dominancia local, Ecuador, turismo",Pago √∫nico,https://www.youtube.com/watch?v=JDMmFvf8URY,"Website hotel 20 p√°ginas, Sistema reservas directo 0% comisi√≥n, C√≥digo QR din√°mico, Actualizaciones ilimitadas, Dominio 2 a√±os, Hosting 2 a√±os, SEO profesional 50+ keywords, 15 art√≠culos blog, Google My Business completo, Posicionamiento IA, 12 informes mensuales, Capacitaci√≥n personalizada, Soporte prioritario 12 meses"
29,Motor de Reservas Hotel - Plan Imperio,2800,"El Plan Imperio es la soluci√≥n definitiva para hoteles boutique y cadenas hoteleras que buscan ser LA REFERENCIA en su regi√≥n y posicionarse a nivel nacional e internacional. Incluye:Tu Imperio Digital (hasta 40 p√°ginas): Website completo con secciones de habitaciones premium, suites, servicios, restaurante, spa, eventos corporativos, bodas, galer√≠a extensa, blog de turismo, gu√≠as locales, historia del hotel y mucho m√°s.Sistema de Reservas Empresarial: Motor de reservas profesional con gesti√≥n multihabitaci√≥n, promociones autom√°ticas y reportes avanzados.C√≥digo QR din√°mico: Tecnolog√≠a premium de actualizaci√≥n continua.Actualizaciones ilimitadas desde tu celular: Control absoluto sin l√≠mites.2 a√±os de dominio + hosting incluidos: Infraestructura premium protegida.Todo queda a TU nombre: Propiedad vitalicia de tu imperio digital.Posicionamiento Google Premium: Estrategia SEO agresiva con 100+ keywords optimizadas para dominar b√∫squedas locales, regionales y nacionales.30 Art√≠culos de Blog: Contenido extenso sobre turismo, gu√≠as de viaje, gastronom√≠a local, eventos regionales que posicionan tu hotel como autoridad.Google My Business Premium: Optimizaci√≥n avanzada con fotos profesionales, tours virtuales y gesti√≥n de rese√±as.Posicionamiento en IA (ChatGPT/Claude): Tu hotel ser√° LA recomendaci√≥n principal cuando viajeros pregunten d√≥nde hospedarse.12 Meses de Informes Mensuales de Rendimiento (BONUS $1,800): An√°lisis profundo de tr√°fico, conversiones, ROI y recomendaciones estrat√©gicas personalizadas.Este plan es para hoteles boutique o cadenas (20-80 habitaciones) que quieren ser LA REFERENCIA y ven 5 a√±os adelante.","Dominancia Regional Total: Con 100+ keywords optimizadas, dominas no solo tu ciudad sino toda la regi√≥n. Turistas de otras provincias te encuentran primero.ROI Proyectado Millonario: 20-30 reservas directas al mes son $176,400 USD ahorrados en comisiones AL A√ëO. Multiplica eso por 5 a√±os.Posicionamiento IA Premium: ChatGPT y Claude te recomiendan PRIMERO cuando preguntan por hoteles en tu zona. Eso es futuro puro.30 Art√≠culos de Autoridad: No solo contenido, sino gu√≠as completas sobre turismo local que te posicionan como LA autoridad regional.Google My Business Premium: Tours virtuales, fotos profesionales y gesti√≥n avanzada que te pone arriba en Google Maps.Sistema Empresarial: Gesti√≥n multihabitaci√≥n, promociones autom√°ticas y reportes que una cadena internacional usar√≠a.40 P√°ginas de Contenido: Cuentas tu historia completa. Historia del hotel, equipo, valores, servicios premium, experiencias √∫nicas.Captura Mercado Corporativo: Con presencia premium atraes eventos corporativos, retiros empresariales, conferencias y bodas.Captura Mercado Tur√≠stico Nacional e Internacional: El 70% de viajeros busca online. Con este nivel de presencia, los capturas a TODOS.Bonus $1,800 en Informes: 12 meses de an√°lisis profesional incluidos. Sabes EXACTAMENTE qu√© funciona y c√≥mo escalar.2 A√±os Sin Preocupaciones: Infraestructura premium protegida por 24 meses completos.Fidelizaci√≥n Exponencial: Cada hu√©sped que capturas a√±o 1 se convierte en cliente directo a√±os 2, 3, 4, 5, 10. Sin comisiones para siempre.Propiedad Perpetua: Todo es tuyo para siempre. En 10 a√±os seguir√°s siendo due√±o del sistema m√°s valioso de tu hotel.Ventaja Competitiva Brutal: Mientras hoteles vecinos pagan comisiones eternamente, t√∫ construyes un activo que vale millones.Diversificaci√≥n Premium: Eventos, bodas, retiros, grupos corporativos, turismo de experiencias. Tu presencia digital abre TODOS los mercados.Soporte VIP Vitalicio: Atenci√≥n personalizada prioritaria durante los 12 meses de informes y soporte extendido posterior.Visi√≥n 5 A√±os: Esta inversi√≥n se paga sola en 3-4 meses. Los pr√≥ximos 4 a√±os y 8 meses son ganancia directa al bolsillo.",Gesti√≥n Hotelera y Tecnolog√≠a Tur√≠stica,El Donde,"motor de reservas premium, hoteles boutique, cadenas hoteleras, SEO nacional, marketing hotelero, sin comisiones, Ecuador, turismo",Pago √∫nico,https://www.youtube.com/watch?v=JDMmFvf8URY,"Website hotel 40 p√°ginas, Sistema reservas empresarial 0% comisi√≥n, C√≥digo QR din√°mico, Actualizaciones ilimitadas, Dominio 2 a√±os, Hosting 2 a√±os, SEO premium 100+ keywords, 30 art√≠culos blog, Google My Business premium, Posicionamiento IA prioritario, 12 informes mensuales BONUS ($1,800), Capacitaci√≥n personalizada, Soporte VIP 12 meses"